{"stats":{"minecraft:killed_by":{"minecraft:zombie":1},"minecraft:used":{"minecraft:dirt":20,"minecraft:oak_sapling":1,"minecraft:melon_slice":4},"minecraft:picked_up":{"minecraft:jungle_log":4,"minecraft:oak_sapling":1,"minecraft:melon_slice":4,"minecraft:dirt":20},"minecraft:mined":{"minecraft:melon":1,"minecraft:vine":2,"minecraft:jungle_log":4,"minecraft:jungle_leaves":6,"minecraft:oak_leaves":3,"minecraft:fern":1},"minecraft:crafted":{"minecraft:crafting_table":2,"minecraft:stick":12,"minecraft:jungle_planks":16},"minecraft:custom":{"minecraft:time_since_rest":2531,"minecraft:crouch_one_cm":2114,"minecraft:play_time":15651,"minecraft:sprint_one_cm":25116,"minecraft:deaths":2,"minecraft:damage_taken":775,"minecraft:walk_one_cm":27640,"minecraft:sneak_time":1199,"minecraft:jump":232,"minecraft:damage_dealt":93,"minecraft:leave_game":1,"minecraft:time_since_death":2503,"minecraft:total_world_time":15651,"minecraft:climb_one_cm":5327,"minecraft:fall_one_cm":14151,"minecraft:fly_one_cm":43552}},"DataVersion":2975}